Price,Date,Daily Return,MA_20,MA_50,Volatility
43634.1241684964,2023-12-21 00:00:00,,,,
43849.69959939619,2023-12-22 00:00:00,0.004940523844762623,,,
44003.6960216438,2023-12-23 00:00:00,0.003511915102144325,,,
43752.03088478376,2023-12-24 00:00:00,-0.005719181787281147,,,
43034.971063091514,2023-12-25 00:00:00,-0.016389177992229498,,,
43638.236302200916,2023-12-26 00:00:00,0.014018023579590366,,,
42516.426940282516,2023-12-27 00:00:00,-0.025707027986871744,,,
43418.46777504291,2023-12-28 00:00:00,0.021216289789059095,,,
42600.65063315619,2023-12-29 00:00:00,-0.018835697890675074,,,
42074.70715618848,2023-12-30 00:00:00,-0.012345902448690937,,,
42220.61140121376,2023-12-31 00:00:00,0.0034677423774729377,,,
42208.202176186474,2024-01-01 00:00:00,-0.00029391391113131604,,,
44168.68118687473,2024-01-02 00:00:00,0.04644782079333254,,,
44994.67388689237,2024-01-03 00:00:00,0.01870086852996411,,,
42821.558989157995,2024-01-04 00:00:00,-0.0482971585302997,,,
44195.57856209971,2024-01-05 00:00:00,0.03208709830694412,,,
44113.69973389081,2024-01-06 00:00:00,-0.0018526475016918953,,,
43956.12071720152,2024-01-07 00:00:00,-0.0035721106513364465,,,
43883.74387905174,2024-01-08 00:00:00,-0.0016465701924750498,,,
46936.185561217506,2024-01-09 00:00:00,0.06955745823735127,43601.10333190347,,
46105.94607828697,2024-01-10 00:00:00,-0.01768868673504964,43724.694427393,,0.026171989143709395
46632.31314804979,2024-01-11 00:00:00,0.011416468254854983,43863.82510482568,,0.026236200159327018
46314.355541602694,2024-01-12 00:00:00,-0.006818396622051193,43979.35808082362,,0.02633545860775312
42893.92960550481,2024-01-13 00:00:00,-0.07385239190093928,43936.45301685967,,0.03142272769849446
42848.47451640749,2024-01-14 00:00:00,-0.0010597091363595545,43927.12818952547,,0.03120143453162151
41800.93282193406,2024-01-15 00:00:00,-0.024447584337507933,43835.26301551213,,0.03149207758517124
42587.336038354406,2024-01-16 00:00:00,0.01881305423901214,43838.80847041572,,0.03127677400494606
43148.00164342693,2024-01-17 00:00:00,0.013165078101329941,43825.285163834924,,0.031047752369329065
42713.859186938986,2024-01-18 00:00:00,-0.010061704828781548,43830.94559152406,,0.030826609383645127
41261.39479801012,2024-01-19 00:00:00,-0.03400452257362396,43790.27997361515,,0.03167360669679689
41600.94093254464,2024-01-20 00:00:00,0.008229148243696693,43759.29645018169,,0.03172283147817724
41626.10711003664,2024-01-21 00:00:00,0.0006049425067766734,43730.1916968742,,0.03172341600688901
41541.89945706261,2024-01-22 00:00:00,-0.002022952873095507,43598.85261038359,,0.0297618667505668
39504.73005758438,2024-01-23 00:00:00,-0.049038908333593034,43324.35541891819,,0.031033033527447802
39833.45410501688,2024-01-24 00:00:00,0.008321131341824994,43174.950174711135,,0.029519371619826023
40123.67105847147,2024-01-25 00:00:00,0.0072857591683981315,42971.35479952972,,0.028461245275654235
39938.28644155878,2024-01-26 00:00:00,-0.004620330394059069,42762.58413491312,,0.028454763177371903
41862.9356109399,2024-01-27 00:00:00,0.048190579538194056,42657.92487960004,,0.030807315353596047
42119.61049464309,2024-01-28 00:00:00,0.006131315923198599,42569.71821037961,,0.030860843165347367
42026.57856232145,2024-01-29 00:00:00,-0.0022087557607750608,42324.237860434805,,0.02593070145008806
43267.60927638767,2024-01-30 00:00:00,0.029529663287386043,42182.321020339834,,0.02686491839913628
42892.03453014447,2024-01-31 00:00:00,-0.008680274979929736,41995.30708944458,,0.02667950930019628
42583.26354663417,2024-02-01 00:00:00,-0.007198795461504592,41808.75248969615,,0.026681889426858754
43069.043420936796,2024-02-02 00:00:00,0.011407765254314972,41817.50818046775,,0.021144744032313083
43170.65856159975,2024-02-03 00:00:00,0.0023593544827502644,41833.61738272736,,0.021146000143115854
42976.84829990829,2024-02-04 00:00:00,-0.00448939784911806,41892.41315662607,,0.02035863736789324
42599.35997055978,2024-02-05 00:00:00,-0.008783527510306421,41893.01435323634,,0.02006261732532224
42648.45692113544,2024-02-06 00:00:00,0.0011525278926629579,41868.03711712176,,0.019832723466361377
43087.78740814285,2024-02-07 00:00:00,0.010301204749794568,41886.733528181954,,0.01983302210111922
44247.415415479314,2024-02-08 00:00:00,0.026913148181688884,42036.03455905542,42980.98602395388,0.018890472236626397
45338.271189789484,2024-02-09 00:00:00,0.024653547875443715,42222.90107191766,43015.06896437974,0.019447921319005402
47143.24299107112,2024-02-10 00:00:00,0.03981121807062049,42498.75786596938,43080.93983221324,0.020953354269406612
47768.995251247936,2024-02-11 00:00:00,0.013273424153177782,42810.11265567865,43156.24581680531,0.020906893153129248
48189.88179303987,2024-02-12 00:00:00,0.008810872817781146,43244.37024245143,43245.00283497044,0.016182379282183797
50050.13609456397,2024-02-13 00:00:00,0.03860259108983266,43755.20434192878,43385.306135599894,0.017378779804691137
49732.14536955351,2024-02-14 00:00:00,-0.006353443763062905,44235.628057482885,43507.184316946936,0.01781990687867688
51790.16929752642,2024-02-15 00:00:00,0.0413821666586065,44828.22220028126,43692.65916409183,0.018655054797774392
51958.23029105492,2024-02-16 00:00:00,0.0032450365736982345,45332.986934287015,43863.45441441206,0.01684227890500334
52166.43430976192,2024-02-17 00:00:00,0.004007142228299676,45835.32812504296,44054.770087944176,0.01688120314136706
51684.51749264525,2024-02-18 00:00:00,-0.009238063200851854,46318.22507155914,44246.96629467331,0.017237613365989977
52138.48578873693,2024-02-19 00:00:00,0.008783448469965371,46761.76889717661,44445.32378242377,0.016648588031267602
51764.313185487765,2024-02-20 00:00:00,-0.00717651457630164,47205.382829943774,44636.4460026098,0.0165653584067929
52286.79372554667,2024-02-21 00:00:00,0.010093450640148438,47690.5593388894,44798.808253383235,0.016088294424215614
51842.75676625642,2024-02-22 00:00:00,-0.008492334825902725,48129.24500615538,44935.76991097051,0.01663135831692374
51319.500125702674,2024-02-23 00:00:00,-0.010093148458770296,48536.68708436053,45105.72873370142,0.017135933568574818
50841.081094770896,2024-02-24 00:00:00,-0.009322363424427937,48929.89872410366,45238.638784354844,0.017366033371947247
51553.096712831146,2024-02-25 00:00:00,0.014004730086935258,49377.58556121722,45387.42672393365,0.016908485959881123
51751.884054934555,2024-02-26 00:00:00,0.0038559728663969395,49832.75691790718,45543.34199068831,0.0168471019496641
54478.191083122954,2024-02-27 00:00:00,0.05268034348845019,50402.27710165619,45755.23093476972,0.019381005472698026
57003.52673730811,2024-02-28 00:00:00,0.046354983599436794,51040.08266774763,45956.57775829154,0.02061794582649669
62558.58202419311,2024-02-29 00:00:00,0.09745108074601427,51901.098209467804,46285.63047720967,0.027924928476949273
61298.216861101624,2024-03-01 00:00:00,-0.020146958615591126,52608.84690296933,46578.948551470705,0.028512365783910257
62426.64052919186,2024-03-02 00:00:00,0.018408751932330825,53341.729166866535,46901.19425122249,0.028532517424774036
62067.86680212177,2024-03-03 00:00:00,-0.005747125330287872,54035.62841732062,47284.67299515483,0.02885155940187675
63053.10543906421,2024-03-04 00:00:00,0.01587357013708046,54685.776884545645,47688.76561360796,0.028235847439165494
68186.64593432152,2024-03-05 00:00:00,0.08141614056136337,55608.50191278404,48216.47987585571,0.03182877127296608
64291.536557569496,2024-03-06 00:00:00,-0.05712422606185763,56233.570275786195,48650.563886240016,0.035197467207244995
66145.91927850846,2024-03-07 00:00:00,0.02884334113368814,56942.95472515887,49110.52223894165,0.0353488186612601
66944.87639053575,2024-03-08 00:00:00,0.012078705999432282,57681.87682919756,49595.14258301357,0.03529011676677577
68315.25192078314,2024-03-09 00:00:00,0.020470207790855177,58513.41355060445,50136.21972546904,0.03492259082996275
68508.0039626159,2024-03-10 00:00:00,0.002821508175894216,59331.8894592984,50674.36098607047,0.035000307850694475
69075.66688195744,2024-03-11 00:00:00,0.008286081720485061,60197.45714412189,51223.352181508875,0.03466986757802228
72130.55300765681,2024-03-12 00:00:00,0.0442252136475183,61189.6451082274,51835.12525252077,0.035246454748883736
71467.17350326062,2024-03-13 00:00:00,-0.009196928024741036,62170.8659450776,52474.37412143429,0.03527339922136231
73097.76702694128,2024-03-14 00:00:00,0.022815978913819146,63259.77929013954,53139.66037987278,0.03471816737249507
71420.03180142345,2024-03-15 00:00:00,-0.022951935384010747,64288.72682547216,53765.58759473181,0.035417735247071036
69497.7631929463,2024-03-16 00:00:00,-0.026914978332995387,65185.96014947791,54356.77712975957,0.03679869841892118
65292.31329331289,2024-03-17 00:00:00,-0.06051201803370043,65862.98161139684,54825.364683407024,0.04051403172031261
68425.41565643054,2024-03-18 00:00:00,0.04798577665708992,66560.34284006222,55351.48078664278,0.04028165270044547
67708.94360930806,2024-03-19 00:00:00,-0.010470846837379089,67095.61368366222,55865.1280875825,0.039747922318783144
62132.51737873437,2024-03-20 00:00:00,-0.08235878354195869,67074.31045138928,56242.42624962944,0.03910926861502803
67819.05570684028,2024-03-21 00:00:00,0.09152274152104778,67400.3523936762,56740.96667316336,0.04372223947162563
65535.97844847657,2024-03-22 00:00:00,-0.03366424428309234,67555.81928964044,57200.0209712002,0.044486539552338784
63509.04496523133,2024-03-23 00:00:00,-0.030928560635419267,67627.87819779592,57608.82100208609,0.045110129155868414
64285.80279102199,2024-03-24 00:00:00,0.012230664564644389,67689.51306539381,58031.12388667454,0.045058958947416836
67310.98326810106,2024-03-25 00:00:00,0.04705829818930973,67645.72993208279,58517.806586038394,0.04244829031019594
69938.94530200244,2024-03-26 00:00:00,0.039042098425960514,67928.10036930443,59064.598292667244,0.041034937686461756
70082.05122475982,2024-03-27 00:00:00,0.0020461550019010843,68124.906966617,59613.27017873974,0.0406517925071326
69435.75040305211,2024-03-28 00:00:00,-0.0092220591494242,68249.45066724283,60140.229438637914,0.040699155249478404
70710.19534863312,2024-03-29 00:00:00,0.01835430506883373,68369.19783863533,60669.485037301,0.04065302063089673
69919.05546148612,2024-03-30 00:00:00,-0.011188483969621688,68439.75041357883,61161.100722734926,0.040767883965105854
69702.3087473573,2024-03-31 00:00:00,-0.003099966278123034,68471.08250684882,61612.28203786065,0.04075215567228879
71246.95144060145,2024-04-01 00:00:00,0.022160567146245702,68426.90242849605,62081.841161647724,0.039815075110647816
69785.92503802372,2024-04-02 00:00:00,-0.020506511128350335,68342.8400052342,62513.76202654741,0.04003430402908789
65440.41922587159,2024-04-03 00:00:00,-0.062269086635799775,67959.97261518073,62821.56768917356,0.04191085328033562
66123.938539074,2024-04-04 00:00:00,0.010444910367141791,67695.16795206326,63149.40355256396,0.04180990487480274
68542.17715279506,2024-04-05 00:00:00,0.036571303330518834,67647.3886500557,63484.44370966934,0.042306881653048516
67978.61023408506,2024-04-06 00:00:00,-0.008222191679929991,67781.7034970943,63804.851308529935,0.03990782016394281
69000.6499164776,2024-04-07 00:00:00,0.015034724582823067,67810.46521009665,64141.535620664254,0.03860188172133453
69401.97360911008,2024-04-08 00:00:00,0.005816230616932705,67895.11671008675,64495.88474299354,0.038516041533032556
71624.18486236996,2024-04-09 00:00:00,0.03201942448749295,68369.70008426854,64885.59872446621,0.03350596089293912
69158.64381207665,2024-04-10 00:00:00,-0.034423303455822785,68436.67948953036,65233.48533699798,0.02835421403601793
70527.88997578963,2024-04-11 00:00:00,0.019798626581423395,68686.275065896,65598.30726200284,0.027381658080534926
70106.66413070948,2024-04-12 00:00:00,-0.005972471957189418,69016.1560241699,65963.5854092919,0.02624967629055509
67252.10504226631,2024-04-13 00:00:00,-0.04071737150581045,69164.47113673211,66282.23750762317,0.028115854380544248
64404.82548907413,2024-04-14 00:00:00,-0.04233740418092091,69019.16324778079,66553.51239550924,0.02778607894415832
65752.66004728881,2024-04-15 00:00:00,0.02092753994719443,68809.8489850451,66837.50366219839,0.026655798319065976
63430.5714573684,2024-04-16 00:00:00,-0.03531550796956928,68477.27499667552,67071.07741024708,0.027595401648887744
63720.501587480736,2024-04-17 00:00:00,0.004570826392557237,68191.51255589696,67255.92362033423,0.02764630790012321
61328.89798860725,2024-04-18 00:00:00,-0.037532717717077224,67722.44768789568,67342.43104536022,0.028097395087211915
63461.592695107174,2024-04-19 00:00:00,0.03477471104887786,67399.5745495767,67360.4912587785,0.029553956089178567
63988.818471785664,2024-04-20 00:00:00,0.008307793017604759,67113.90003579814,67414.30329099219,0.02969041836755885
64894.41869109179,2024-04-21 00:00:00,0.014152476025251604,66796.27339832266,67463.65885423018,0.02937357849269364
64936.4207567739,2024-04-22 00:00:00,0.0006472369508701004,66553.79818426016,67521.02993332321,0.02913707333005452
66841.66685207361,2024-04-23 00:00:00,0.029340177254856936,66623.86056557027,67596.8011615834,0.026435600967206756
66406.95244392671,2024-04-24 00:00:00,-0.006503644038515111,66638.0112608129,67561.2072917755,0.02640183266601542
64279.51812857524,2024-04-25 00:00:00,-0.032036319045778416,66424.8783096019,67560.96692319562,0.02592765872159156
64486.183359158975,2024-04-26 00:00:00,0.003215102362316369,66250.2569658556,67527.77220480863,0.02592984291475285
63802.330049258766,2024-04-27 00:00:00,-0.010604648535197936,65990.34097249467,67464.9212779831,0.0256594953459463
63517.248743409626,2024-04-28 00:00:00,-0.004468195842205813,65696.10472920965,67368.96121443562,0.02556386695682334
63030.433616681854,2024-04-29 00:00:00,-0.007664298066409558,65266.41716692523,67259.40980751695,0.024110971941794988
63797.67963589958,2024-04-30 00:00:00,0.012172627970223227,64998.36895811638,67153.8500625958,0.023472068192311443
60749.47209216387,2024-05-01 00:00:00,-0.047779285408688255,64509.448063935095,66926.22844428592,0.024732106124038755
58297.574075325494,2024-05-02 00:00:00,-0.040360811911559824,63918.993561165895,66662.83645572721,0.025818103952647768
59135.1733607733,2024-05-03 00:00:00,0.014367652492118355,63513.146977091244,66383.58458240386,0.025170882920083227
62839.34073569376,2024-05-04 00:00:00,0.06263898733029816,63434.87273942223,66211.97076108928,0.028003872203411627
63820.451902924986,2024-05-05 00:00:00,0.015613008598512224,63338.26233220403,66098.42453528884,0.027810824877430314
64010.00865210892,2024-05-06 00:00:00,0.0029701567997710843,63367.23419194106,66072.77844246477,0.026625821302275712
63172.48129551341,2024-05-07 00:00:00,-0.013084318753140978,63339.8331773427,65967.71975524642,0.026786098605170682
62363.057191718624,2024-05-08 00:00:00,-0.012812922449704,63391.54113749826,65860.80202689463,0.02550732973630188
61215.50400879193,2024-05-09 00:00:00,-0.01840116945195369,63279.2367031825,65842.46175949578,0.0245715795567654
63148.599943097026,2024-05-10 00:00:00,0.03157853497420282,63237.22577674807,65749.05264422092,0.0255909975813797
60888.21674957157,2024-05-11 00:00:00,-0.03579466837843248,63036.915679672056,65656.09741024282,0.026521344602568376
60776.972079172134,2024-05-12 00:00:00,-0.0018270311784129856,62828.94324579197,65601.45595252163,0.02650994906097257
61507.054004121346,2024-05-13 00:00:00,0.01201247610687406,62562.21260339435,65545.88097678362,0.025668139172609936
62878.783300729294,2024-05-14 00:00:00,0.022301983387401858,62385.80414623449,65457.23697743619,0.026310838391218696
61569.1130057734,2024-05-15 00:00:00,-0.020828492954326983,62250.2838900944,65289.84033151161,0.02575994441055154
66220.51831432826,2024-05-16 00:00:00,0.07554770698286162,62337.00063785286,65212.609673302984,0.031042669783870495
65260.879803346186,2024-05-17 00:00:00,-0.01449155843853367,62409.92812555722,65129.11226130886,0.031136304299879874
67053.12326509564,2024-05-18 00:00:00,0.027462753599861056,62586.72185164153,65055.9708196381,0.03162443080435929
66912.61861403697,2024-05-19 00:00:00,-0.002095422915695977,62780.83110150928,64995.84208268912,0.03154833938331463
66252.71259591613,2024-05-20 00:00:00,-0.009862205840833749,62903.58274951011,64926.85015966031,0.03161273031905781
71430.29700215145,2024-05-21 00:00:00,0.07814901765327065,63437.6239950095,64930.5170708913,0.03358071345879173
70189.8358177002,2024-05-22 00:00:00,-0.01736603705307138,64032.237082128224,64938.59528648483,0.032178585652676145
69181.20085677762,2024-05-23 00:00:00,-0.014370100017646936,64534.53845692845,65013.41091910295,0.0326028969743419
67906.46534276106,2024-05-24 00:00:00,-0.01842603912955454,64787.894687281805,65049.0614551767,0.03046989541108943
68539.91646552991,2024-05-25 00:00:00,0.009328288839236087,65023.86791541206,65049.01624143138,0.030379506503656416
69268.44558973772,2024-05-26 00:00:00,0.010629267757777283,65286.7897622935,65074.812948544444,0.030414101938507573
68508.83110875699,2024-05-27 00:00:00,-0.010966241186929016,65553.60725295567,65064.976572390035,0.03035370792449308
69367.23871755725,2024-05-28 00:00:00,0.012529882569993767,65903.81632924761,65064.28187455898,0.030121526268442587
68316.63588049631,2024-05-29 00:00:00,-0.015145519073329172,66258.87292283283,64998.13089492151,0.029992629093291413
67577.26558995963,2024-05-30 00:00:00,-0.010822697590525898,66480.30620517595,64966.503330479165,0.02957908297191833
68372.49288434093,2024-05-31 00:00:00,0.011767674933853112,66854.52001191441,64923.395388650184,0.02810349560158834
67474.95483698409,2024-06-01 00:00:00,-0.013127180383419867,67189.41914980502,64870.76120277568,0.028385050865605187
67704.32641811523,2024-06-02 00:00:00,0.003399358794463625,67499.28277050472,64879.805630292656,0.028348137245352865
67740.01690222476,2024-06-03 00:00:00,0.0005271521924479217,67742.34445057948,64946.509458555665,0.02807277363997442
68808.29368590549,2024-06-04 00:00:00,0.01577024678370953,68104.3034845861,65007.622131328004,0.027550824135424038
70600.01116676089,2024-06-05 00:00:00,0.026039266269763717,68323.27812720773,65151.01092551585,0.022776156932964066
71184.59943059199,2024-06-06 00:00:00,0.008280285713415436,68619.46410857001,65300.29288237808,0.022398281275200032
70759.58819301432,2024-06-07 00:00:00,-0.005970550385579809,68804.78735496596,65488.906686466216,0.02184168115542609
69325.36238847222,2024-06-08 00:00:00,-0.02026899592221898,68925.4245436877,65606.18208033353,0.022431115287949617
69315.1041233966,2024-06-09 00:00:00,-0.0001479727580526724,69078.54412006172,65712.70779336574,0.022265190093141502
69654.16073760358,2024-06-10 00:00:00,0.004891525714271205,68989.73730683434,65807.90263429597,0.013440412740390392
69493.17760915738,2024-06-11 00:00:00,-0.002311177490927574,68954.90439640719,65899.03777134365,0.012896307650596184
67329.15232724321,2024-06-12 00:00:00,-0.03114011125070515,68862.30196993047,65908.78748084704,0.014317911877147059
68224.51967501991,2024-06-13 00:00:00,0.013298360618367866,68878.20468654341,65945.13882546891,0.014071031863425336
66700.31696564378,2024-06-14 00:00:00,-0.02234098116976857,68786.2247115491,65993.55480221027,0.014769488335141332
66011.07873713733,2024-06-15 00:00:00,-0.010333357618997008,68623.35636891909,66024.05270976984,0.014624797759905534
66190.4874891135,2024-06-16 00:00:00,0.0027178582051445854,68507.43918793692,66071.81585856694,0.014517900233392396
66615.53782131766,2024-06-17 00:00:00,0.006421622627784229,68369.85414312493,66133.78164012509,0.014266652457800883
66460.38897909952,2024-06-18 00:00:00,-0.0023290188339287754,68277.04179805508,66202.38074737343,0.013925311836195328
65109.314812190474,2024-06-19 00:00:00,-0.02032901383309582,68153.64425916664,66228.61345089927,0.014421439497785673
64907.07460760319,2024-06-20 00:00:00,-0.0031061639209482017,67980.37334532976,66311.76550120805,0.014066300414776505
64844.67441797763,2024-06-21 00:00:00,-0.0009613773229312228,67848.85932437943,66442.7075080611,0.01384397453982052
64071.624284709695,2024-06-22 00:00:00,-0.011921567040108605,67667.22421770915,66541.43652653982,0.013959024474164586
64239.90348813148,2024-06-23 00:00:00,0.0026264232458665937,67492.2185470045,66569.44778158858,0.013992110255022516
63221.35738437477,2024-06-24 00:00:00,-0.015855349221452153,67212.87173192795,66557.46589121758,0.01359340602047505
60363.23497529626,2024-06-25 00:00:00,-0.045208178491037865,66701.03292235472,66484.53041768132,0.014569715702864892
61770.413870095355,2024-06-26 00:00:00,0.02331185357072041,66230.3236443299,66456.48906917295,0.015775239419950186
60749.89619402014,2024-06-27 00:00:00,-0.016521140334616935,65729.83904438018,66424.22584921899,0.01591661379057838
61562.64532550036,2024-06-28 00:00:00,0.013378609386993867,65341.7031912316,66431.16867555317,0.016267556786396437
60317.09697945116,2024-06-29 00:00:00,-0.02023220963725003,64891.80283403433,66374.53861628025,0.016518716627358782
60864.44316193428,2024-06-30 00:00:00,0.009074478214188275,64452.31695525085,66374.06314452749,0.016699985397448335
62734.39383945474,2024-07-01 00:00:00,0.030723203571341617,64114.37776676573,66413.21157973315,0.018663464692558668
62819.82226921849,2024-07-02 00:00:00,0.0013617479110801245,63888.91126386449,66439.46694503509,0.01764918472215653
62042.5650371006,2024-07-03 00:00:00,-0.012372802151316309,63579.813531968524,66422.7425797625,0.017307839556086838
60244.68076433092,2024-07-04 00:00:00,-0.02897823891862894,63257.03172190288,66396.25393493366,0.017724630205704726
57189.17412408636,2024-07-05 00:00:00,-0.050718280875240884,62815.93649125033,66215.62705112882,0.020462009990926244
56739.86285107204,2024-07-06 00:00:00,-0.007856579149743137,62343.405259348256,66045.20671208334,0.02033539028711932
58230.4841542266,2024-07-07 00:00:00,0.02627114744825998,61924.1525759937,65868.75392986597,0.021500311029437204
55880.3753776708,2024-07-08 00:00:00,-0.04035873667701961,61395.151895922274,65648.10906513865,0.022758535512377158
56665.140733520275,2024-07-09 00:00:00,0.01404366650269595,60972.94319198876,65456.35762789071,0.02310420757649548
57988.30351208401,2024-07-10 00:00:00,0.02335056017572046,60627.0046372128,65187.51775808938,0.024056461035986597
57704.202284462874,2024-07-11 00:00:00,-0.004899285035333545,60269.98103053706,64937.805087424626,0.02403482421827883
57388.192479166675,2024-07-12 00:00:00,-0.005476374211680013,59935.8094402599,64701.9449198724,0.02398790583427928
57899.28895749592,2024-07-13 00:00:00,0.008905951838695358,59618.77871372813,64501.8013921671,0.024136603477332184
59152.71913887286,2024-07-14 00:00:00,0.021648455515526077,59415.34680145304,64314.05744563397,0.024691380152456303
60942.32773996293,2024-07-15 00:00:00,0.03025403780489966,59444.30143968637,64147.53508863847,0.02365025967771941
64835.48973321571,2024-07-16 00:00:00,0.06388272548210927,59597.55523284238,64074.06826112764,0.0271662811083114
65162.23625234354,2024-07-17 00:00:00,0.005039624447541247,59818.17223575855,63989.96821182337,0.026785419266755855
64136.31384360687,2024-07-18 00:00:00,-0.015744125244010032,59946.85566166388,63906.361771085576,0.027030747726887922
63959.56900809379,2024-07-19 00:00:00,-0.002755768533003966,60128.979263096015,63834.00783944826,0.026538750698455786
66689.54880734957,2024-07-20 00:00:00,0.04268289861225161,60420.23454536678,63800.34895790844,0.02795204938372655
67206.06470614894,2024-07-21 00:00:00,0.007745080121796422,60643.8180887015,63794.97115529174,0.02730161723584275
68088.13996324532,2024-07-22 00:00:00,0.013124935390178782,60907.233973402836,63802.64742619434,0.027372910399080703
67607.71339918874,2024-07-23 00:00:00,-0.007055950776683417,61185.49139150725,63800.00135613362,0.027226978652245132
65942.41746522837,2024-07-24 00:00:00,-0.02463174466687923,61470.378226552115,63742.683831720075,0.026960429599777878
65403.53513022529,2024-07-25 00:00:00,-0.00817201364034359,61881.096276859054,63638.75431098936,0.023841291218478458
65749.96361965332,2024-07-26 00:00:00,0.005296785391466274,62331.60131528812,63530.06159477059,0.02358999630111908
67920.2964857025,2024-07-27 00:00:00,0.03300888314713002,62816.09193186192,63473.275760624354,0.023915667872928415
68055.40838968738,2024-07-28 00:00:00,0.001989271410399507,63424.84358246274,63447.87668064865,0.02112068763856609
68242.2474440493,2024-07-29 00:00:00,0.0027453961232892787,64003.6989179892,63426.419547061705,0.021161047991200298
66770.32091848266,2024-07-30 00:00:00,-0.02156913906995006,64442.79978830912,63368.74275067929,0.0219865904205186
66219.05102486102,2024-07-31 00:00:00,-0.00825621153288536,64868.542225329045,63303.26021899337,0.02209716499625508
64679.778647032515,2024-08-01 00:00:00,-0.023245159119701153,65233.12153372234,63250.27274538916,0.022970763904834733
65357.52960767435,2024-08-02 00:00:00,0.010478560298426753,65606.03356623126,63192.93294404224,0.022983041299887236
61407.29547397454,2024-08-03 00:00:00,-0.060440383187860935,65718.76238298633,63087.072514208856,0.02706890635322826
60738.7449250574,2024-08-04 00:00:00,-0.010887151823849361,65708.58324224106,62981.62583796726,0.026380771183393548
58006.206586686734,2024-08-05 00:00:00,-0.044988389894164094,65367.11908491461,62817.94021991871,0.02362926327406979
53956.26184159744,2024-08-06 00:00:00,-0.06981916217942807,64806.82036437731,62564.75470032431,0.027517322251040664
55959.84107399357,2024-08-07 00:00:00,0.03713339590274356,64397.99672589664,62354.7437422222,0.029319000264076175
55099.95181146735,2024-08-08 00:00:00,-0.015366184857266152,63955.01586606532,62154.55648220773,0.029372487196031232
61859.03159904161,2024-08-09 00:00:00,0.12266943192076574,63713.49000564992,62093.5956220365,0.04001302809692637
60912.588533350805,2024-08-10 00:00:00,-0.015299998096081957,63398.816197010005,62014.953904343965,0.04001876720852086
60887.70861641504,2024-08-11 00:00:00,-0.00040845279333590057,63038.79462966849,61951.27559097807,0.03982498920037476
58804.23449992608,2024-08-12 00:00:00,-0.03421830388813907,62598.62068470536,61842.56221121396,0.04036400212193749
59350.07433270696,2024-08-13 00:00:00,0.009282321884175992,62269.00352807929,61765.13655018061,0.04026112116350594
60601.22317789727,2024-08-14 00:00:00,0.02108083029814889,62028.88793046289,61769.89631423263,0.04065030780182408
58739.19382231015,2024-08-15 00:00:00,-0.030725936836638712,61678.34944059574,61709.27191327693,0.04105745719689591
57624.11692852191,2024-08-16 00:00:00,-0.018983523968024274,61163.5404627367,61646.756327966956,0.04017116842016642
58881.92579151217,2024-08-17 00:00:00,0.021827820191161917,60704.86633282795,61593.14193728719,0.040658271331156716
59430.79163445865,2024-08-18 00:00:00,0.009321465552772246,60264.29354234841,61575.41583038734,0.040762999662782344
58438.293742685404,2024-08-19 00:00:00,-0.01670006177736627,59847.69218355855,61526.89284200237,0.04068033535172313
59574.945812940874,2024-08-20 00:00:00,0.019450466422930912,59515.48692296255,61463.703881472095,0.04106500304298461
59060.12610074137,2024-08-21 00:00:00,-0.008641547301041386,59234.50429564798,61388.50995810256,0.04084323509155048
61144.68762866613,2024-08-22 00:00:00,0.03529558207121042,59023.86219669758,61370.55240993386,0.041667304637092714
60387.54062321362,2024-08-23 00:00:00,-0.01238287469960897,58972.87445415952,61373.40960711151,0.039479665651333345
64049.68561555576,2024-08-24 00:00:00,0.06064404932785705,59138.42148868444,61510.6198369409,0.041634028547330226
64157.1606134782,2024-08-25 00:00:00,0.0016779941523450415,59445.969190024014,61658.965792189025,0.04005366892445824
64265.81631272862,2024-08-26 00:00:00,0.0016935864712752657,59961.44691358057,61779.67243535906,0.035928068638439656
62922.58634676265,2024-08-27 00:00:00,-0.02090115776993451,60309.58417721903,61920.516654740895,0.035911105708307335
59526.560879590994,2024-08-28 00:00:00,-0.05397148566742571,60530.91463062521,61977.745057662316,0.03811620205182376
59015.29633887944,2024-08-29 00:00:00,-0.008588847283580336,60388.72786761711,61998.28491419822,0.026116380061806593
59351.5794909728,2024-08-30 00:00:00,0.005698237117413463,60310.677415498205,62031.23245832842,0.025976424850686748
59156.246036463555,2024-08-31 00:00:00,-0.003291124788666333,60224.10428650064,62066.59352947436,0.025981098305507242
58960.23658664587,2024-09-01 00:00:00,-0.0033134193420060187,60231.90439083662,62087.812482057365,0.024801305314803058
57357.71617282246,2024-09-02 00:00:00,-0.027179680859461985,60132.28648284239,62051.91242273634,0.025447553706753775
59108.73235863689,2024-09-03 00:00:00,0.030527996974958116,60057.661941879385,62015.24051510983,0.02596913027502312
57504.538586220435,2024-09-04 00:00:00,-0.027139708608250213,59995.929180074876,61868.62149216993,0.025764118362413605
57987.84601410068,2024-09-05 00:00:00,0.008404683173930616,60014.11563435383,61725.13368740506,0.025470031275409283
56132.404732088595,2024-09-06 00:00:00,-0.03199707196506152,59876.639581382646,61565.0555051747,0.025950504773536515
53923.35611071905,2024-09-07 00:00:00,-0.03935424879644833,59601.26780519567,61364.3312472272,0.027083752356823004
54150.9383589072,2024-09-08 00:00:00,0.004220476331644907,59386.90003600676,61113.559038258354,0.026991741945079854
54792.40755768575,2024-09-09 00:00:00,0.0118459479783517,59147.773123244,60865.28589528909,0.026704089120494656
57049.118751143265,2024-09-10 00:00:00,0.04118656751999139,59047.2227557641,60644.50547104706,0.0284965537123027
57624.16178336144,2024-09-11 00:00:00,0.010079788168623427,58871.196463498854,60444.834438730504,0.02732374891231261
57381.764445000474,2024-09-12 00:00:00,-0.004206522591552075,58720.90765458821,60273.62137832595,0.02723079350829666
58106.951229815284,2024-09-13 00:00:00,0.012637931088889554,58423.77093530118,60127.68970031776,0.023220385313759237
60620.62747295754,2024-09-14 00:00:00,0.04325947567272226,58246.94427827515,60025.10297738384,0.02555600692463392
60003.29940083042,2024-09-15 00:00:00,-0.010183465560505756,58033.81843268024,59866.76303568639,0.02559092669272271
59214.80226801806,2024-09-16 00:00:00,-0.013140896262138768,57848.429228743,59689.95091325301,0.02536486222993477
58211.123231286256,2024-09-17 00:00:00,-0.0169497996833452,57782.657346327775,59489.32842899775,0.02263181357266265
60317.0319794625,2024-09-18 00:00:00,0.03617708491569527,57847.74412835692,59360.26265021734,0.024000944935611782
61440.41208494509,2024-09-19 00:00:00,0.01862459190407595,57952.18575805555,59264.689871419025,0.02429603257440257
62966.52931910512,2024-09-20 00:00:00,0.024838981093584955,58142.69992218762,59230.42488486047,0.024782334415393348
63128.224540748255,2024-09-21 00:00:00,0.0025679551245978427,58351.09931989274,59185.83878352196,0.024733113798126625
63403.402349259355,2024-09-22 00:00:00,0.004359029744824827,58653.38362871458,59225.76092102765,0.023641246783507264
63582.59956924825,2024-09-23 00:00:00,0.00282630290093544,58877.07698924515,59282.63801391146,0.022884023866371388
63327.02654450202,2024-09-24 00:00:00,-0.004019543498970712,59168.201387159235,59389.05441306777,0.02179122101590276
64334.14274876097,2024-09-25 00:00:00,0.01590341848043697,59485.51622389224,59596.61203121104,0.021915972627338427
63151.89959401337,2024-09-26 00:00:00,-0.018376605395435508,59836.49096698848,59740.45320161144,0.020878693039730653
65130.76884023231,2024-09-27 00:00:00,0.03133507082036435,60396.86160346415,59941.06954218674,0.018639589994379202
65791.00212541742,2024-09-28 00:00:00,0.010137041170275252,60978.86479178966,60019.70895271426,0.018595794078870076
65934.10709441357,2024-09-29 00:00:00,0.002175144995106626,61535.94976862605,60120.13932393552,0.01866935384841125
65663.68986662335,2024-09-30 00:00:00,-0.004101325394503363,61966.678324400054,60215.65894893969,0.017316372497401214
63243.27532464382,2024-10-01 00:00:00,-0.0368607756721544,62247.634001464176,60304.439765434036,0.01989432852955427
60872.668543725544,2024-10-02 00:00:00,-0.03748393435901842,62422.179206400426,60334.891649654404,0.021974487876077805
60655.55979196848,2024-10-03 00:00:00,-0.003566604799017714,62549.60963450809,60335.97838193583,0.021906286960540193
60727.86395169296,2024-10-04 00:00:00,0.001192045048672652,62554.97145844486,60375.75178452348,0.01968072435497134
62103.01047283253,2024-10-05 00:00:00,0.02264440788224431,62659.957012044964,60465.329655409696,0.02012666037204824
62091.932585194016,2024-10-06 00:00:00,-0.0001783792372410664,62803.81352790377,60529.529791283334,0.019822755987907604
62811.79972811266,2024-10-07 00:00:00,0.011593569614392951,63033.84735274507,60597.14995315641,0.019366278954619825
62287.39010510681,2024-10-08 00:00:00,-0.008348902997140861,63132.3652590273,60674.131880404835,0.017981069863003164
62185.230423727575,2024-10-09 00:00:00,-0.0016401342423698617,63169.60617596641,60726.33757262057,0.017546624647697313
60597.15045618275,2024-10-10 00:00:00,-0.025537896325601883,63051.13723282031,60757.0780597294,0.017522411773027873
60195.18073772453,2024-10-11 00:00:00,-0.006633475591379279,62904.48504266911,60738.08792191058,0.017523343667245735
62392.34048293159,2024-10-12 00:00:00,0.03650059221153068,62853.93194935273,60778.18391910494,0.0195195098612238
63207.77062127557,2024-10-13 00:00:00,0.013069394929447364,62835.19050195409,60761.345619219326,0.019747793319411264
62829.533686088886,2024-10-14 00:00:00,-0.005984025879554933,62810.315859033435,60734.793080671545,0.019773132727516882
66049.99492708022,2024-10-15 00:00:00,0.05125712466817767,62896.108467949394,60770.476652958576,0.022658971343026215
66962.21994496793,2024-10-16 00:00:00,0.013811129264957867,63086.62448549713,60851.26932492268,0.02230883087825627
67647.54414766871,2024-10-17 00:00:00,0.010234490482304848,63212.46325086894,61013.68899028423,0.021386575712219923
67328.10527002988,2024-10-18 00:00:00,-0.004722106052239328,63289.31840809957,61179.945168907245,0.02135125963573785
68465.61920668735,2024-10-19 00:00:00,0.016895083146856615,63415.89401371325,61362.225963221535,0.021632292690255014
68388.87128965274,2024-10-20 00:00:00,-0.0011209701734079536,63552.15308486472,61546.878468285315,0.021597511957836095
68962.82918045693,2024-10-21 00:00:00,0.008392562707655538,63838.13077765538,61746.93032016153,0.019557926249067808
67394.85775735618,2024-10-22 00:00:00,-0.022736471831771854,64164.24023833692,61947.67315185222,0.018115834690081673
67351.04793512498,2024-10-23 00:00:00,-0.0006500469574240997,64499.01464549474,62112.51946338197,0.018052705243694095
66683.96806542306,2024-10-24 00:00:00,-0.009904521015685952,64796.81985118124,62296.108052966025,0.018356857476761124
68214.05205157402,2024-10-25 00:00:00,0.02294530500419234,65102.371930118316,62500.632173715494,0.01837232824671856
66585.66535501445,2024-10-26 00:00:00,-0.023871719207186337,65327.05856860934,62709.69738617402,0.019446910779590293
67018.1650170265,2024-10-27 00:00:00,0.006495386953124127,65537.37683305504,62971.593564300165,0.019370950408464094
67938.55412885673,2024-10-28 00:00:00,0.013733427520678854,65819.93503424253,63247.34587969915,0.019293858774763924
69845.304531169,2024-10-29 00:00:00,0.02806580779885004,66202.9387396146,63548.403819168816,0.019927165971322464
72781.11308158132,2024-10-30 00:00:00,0.04203301238528079,66812.13687088453,63863.04370577757,0.020024431383147287
72342.62171127986,2024-10-31 00:00:00,-0.00602479615569973,67419.5089195623,64157.41290433594,0.01999924239436969
70264.99735573279,2024-11-01 00:00:00,-0.028719229499849952,67813.14176320235,64415.07756255059,0.020657746125366246
69507.92256395647,2024-11-02 00:00:00,-0.010774565150034165,68128.14936033639,64643.09698923341,0.020924321395122236
69299.16036699413,2024-11-03 00:00:00,-0.003003430245958727,68451.63069438166,64816.66764711415,0.020852705806406895
68803.50626277467,2024-11-04 00:00:00,-0.00715238253385142,68589.30626116638,64992.671784353035,0.017936860207671063
67793.29782704762,2024-11-05 00:00:00,-0.014682513880453385,68630.86015527036,65164.24169553363,0.01809664660216695
69335.42553133758,2024-11-06 00:00:00,0.02274749501380202,68715.2542244538,65386.72774153465,0.018648900409729715
75620.88606963192,2024-11-07 00:00:00,0.09065294530360246,69129.89326443391,65692.80482333804,0.027224367685157944
75987.24178320667,2024-11-08 00:00:00,0.004844636615834119,69505.97439325988,65983.74141730326,0.027107515263202018
76550.0213845611,2024-11-09 00:00:00,0.007406238049277425,69914.0318980053,66255.41125861238,0.02706387009571267
76630.22631415377,2024-11-10 00:00:00,0.0010477453584205598,70297.40175469013,66525.4512940805,0.02707937881478934
80466.71654833542,2024-11-11 00:00:00,0.05006497329726711,70950.9946942391,66866.71757806202,0.027945854693150324
88637.42000322911,2024-11-12 00:00:00,0.10154140501042619,72015.3132976443,67367.81398674165,0.03459037717086684
88264.59974582895,2024-11-13 00:00:00,-0.004206127134415483,73094.34488166461,67866.56545076818,0.03440284599554748
90488.10007497849,2024-11-14 00:00:00,0.025191303597959402,74208.04728283483,68389.64459729253,0.03443497530007914
87407.51273710128,2024-11-15 00:00:00,-0.03404411558342624,75249.13965193917,68874.75686015427,0.03510438113530177
90947.97509443703,2024-11-16 00:00:00,0.04050524087082219,76445.63015580969,69391.10098523837,0.035529576495888476
90606.45489380708,2024-11-17 00:00:00,-0.003755116046017859,77579.02519405722,69887.41004060616,0.03580146158003582
89841.47194135105,2024-11-18 00:00:00,-0.008442918921754639,78578.8335645663,70365.55733754492,0.036034856132158975
90534.62459650292,2024-11-19 00:00:00,0.007715286049680525,79466.5091403124,70862.97603214251,0.03540426738692848
92251.65240738312,2024-11-20 00:00:00,0.01896542696822001,80461.96067511756,71443.1435737973,0.035191872640166016
94217.02229634205,2024-11-21 00:00:00,0.021304441033531463,81659.56192214802,72110.03064884963,0.03383764608774621
98509.11859102432,2024-11-22 00:00:00,0.04555542289568737,83109.62172350142,72867.10182483075,0.03389768729544337
98927.49494553401,2024-11-23 00:00:00,0.0042470825086420305,84591.03845242842,73631.09444470756,0.03369815343426762
97679.46381643033,2024-11-24 00:00:00,-0.012615614393054253,86034.83633011118,74342.62351157953,0.03393811714318794
98015.9355289458,2024-11-25 00:00:00,0.0034446515098383035,87545.9682152061,75061.10357045456,0.03324872187275014
93004.70093103287,2024-11-26 00:00:00,-0.05112673333034734,88729.43198519087,75664.96159451296,0.036743027424920055
91931.83077291827,2024-11-27 00:00:00,-0.011535655159089053,89544.97922035519,76257.85040786919,0.0326015627802356
95981.18057210564,2024-11-28 00:00:00,0.04404730945900237,90544.67615980012,76933.76941083676,0.03342409446951825
95661.59595817851,2024-11-29 00:00:00,-0.003329659127156104,91500.25488848101,77635.05832087666,0.0335920303692718
97453.2473451042,2024-11-30 00:00:00,0.01872905599138197,92541.40594002852,78380.21965302425,0.03352874314446247
96513.14234698225,2024-12-01 00:00:00,-0.009646728290057194,93343.72722996087,79062.63569030527,0.0326656915115151
97311.70719084324,2024-12-02 00:00:00,0.008274156497671603,93777.44158934159,79744.71442169663,0.024486914771797735
95833.1362300365,2024-12-03 00:00:00,-0.01519417348117258,94155.86841355194,80404.78647257558,0.02482442680566284
96031.63097759831,2024-12-04 00:00:00,0.002071253799785344,94433.04495868293,81004.41919358594,0.024339567598982613
98881.4694561823,2024-12-05 00:00:00,0.029676039546269628,95006.74279463699,81642.80418381022,0.023350052024520236
97201.50036407741,2024-12-06 00:00:00,-0.016989726197883193,95319.41905811902,82233.88330813841,0.022458162163098566
99973.85150659826,2024-12-07 00:00:00,0.02852169083951117,95787.78888875857,82886.79823286977,0.02305584964253562
99781.82999198174,2024-12-08 00:00:00,-0.0019207173848239112,96284.8067912901,83513.12244857565,0.022898557885803982
101235.3717025316,2024-12-09 00:00:00,0.014567198363335976,96819.84414659152,84170.05245683323,0.022984390766184973
97353.94700820887,2024-12-10 00:00:00,-0.03834059804440537,97074.95887663282,84737.87481338828,0.024766503215638853
96649.71446771531,2024-12-11 00:00:00,-0.007233733835508183,97196.59348520149,85322.97194759546,0.024476007170859997
101123.61811033697,2024-12-12 00:00:00,0.04628987956416686,97327.31846116712,85998.4233510997,0.02454594134518659
100000.80836535197,2024-12-13 00:00:00,-0.011103338329527479,97380.98413215802,86664.76015709828,0.024698228864257914
101352.22971292294,2024-12-14 00:00:00,0.013514104232373425,97564.62242698265,87327.52371032527,0.024640629547141385
101367.01064553364,2024-12-15 00:00:00,0.00014583727119332757,97732.17618281204,88023.15061613564,0.02464244738274731
104721.50151808978,2024-12-16 00:00:00,0.03309253031330206,98318.01621216488,88777.2173461569,0.022162472321313614
106074.10723541168,2024-12-17 00:00:00,0.012916217755799098,99025.13003528956,89539.928408288,0.021805215436376545
106034.913402645,2024-12-18 00:00:00,-0.00036949481629566794,99527.81667681652,90263.72058571753,0.02006956685756539
100355.5761481501,2024-12-19 00:00:00,-0.05356101186152562,99762.5156863151,90815.2098470489,0.023957468989630748
100440.79019307366,2024-12-19 01:38:24,0.0008491211768617557,99911.89282871358,91377.17321668477,0.023658482998733157
